{"res_weight":0.5165984630584717,"l2_error":0.0001858465257100761,"_step":1999900,"_wandb":{"runtime":29674},"cas_weight":0.9999998807907104,"ics_weight":25.357559204101562,"_runtime":29674.681602887,"ics_loss":2.3721675665444586e-12,"res_loss":3.844661478069611e-09,"_timestamp":1.7390577885504034e+09}