{"ics_weight":1.8740407228469849,"res_loss":0.0035407785326242447,"l2_error":0.613745927810669,"_wandb":{"runtime":105},"_timestamp":1.7390586540689886e+09,"_runtime":105.079558246,"ics_loss":0.0013288033660501242,"res_weight":0.931146502494812,"_step":1600,"cas_weight":0.8881948590278625}