{"_step":1909750,"_timestamp":1.7390798293422523e+09,"ics_loss":3.409561522005333e-11,"l2_error":0.00018372219346929342,"_wandb":{"runtime":17005},"res_weight":0.5245428085327148,"_runtime":17005.487681056,"ics_weight":13.183052062988281,"res_loss":9.9935757447156e-09,"cas_weight":0.9999997019767761}