{"_timestamp":1.7390043594611413e+09,"_runtime":3035.280931677,"res_weight":0.627102255821228,"cas_weight":0,"res_loss":0.08259063959121704,"l2_error":1.0145227909088135,"_step":212100,"ics_loss":5.416988457795924e-08,"ics_weight":102614.0234375,"_wandb":{"runtime":3035}}