{"l2_error":0.8012022376060486,"_timestamp":1.7391010643985538e+09,"_step":89500,"_wandb":{"runtime":1221},"res_loss":0.0020092919003218412,"cas_weight":0.9376969337463379,"_runtime":1221.552033662,"ics_loss":0.0023753996938467026,"ics_weight":6.167286396026611,"res_weight":0.5747981667518616}