{"ics_weight":1.8796470165252686,"l2_error":3.5762922763824463,"_timestamp":1.7390615128902464e+09,"_runtime":50.174808907,"res_weight":0.9526891708374023,"_step":0,"cas_weight":0,"_wandb":{"runtime":50},"ics_loss":12.594708442687988,"res_loss":67.65203857421875}