{"_runtime":396.186929552,"_timestamp":1.7390253017444696e+09,"cas_weight":0.9990444779396057,"l2_error":0.15187016129493713,"ics_weight":14.00131893157959,"res_weight":0.5729084014892578,"bc_weight":69.8550796508789,"_wandb":{"runtime":396},"_step":9900,"ics_loss":9.21283117349958e-07,"bc_loss":1.1164172519784188e-07,"res_loss":3.115220897598192e-05}