{"l2_error":0.9681185483932495,"_step":27500,"bc_loss":2.150911626586094e-07,"ics_loss":0.010742273181676865,"_runtime":518.513798884,"res_loss":0.0010959357023239136,"_timestamp":1.7390152371499279e+09,"cas_weight":0.9650329947471619,"res_weight":1.7582619190216064,"_wandb":{"runtime":518},"ics_weight":0.6017022132873535,"bc_weight":443.49920654296875}