{"res_weight":0.6906421780586243,"_runtime":492.511760941,"ics_weight":3.4763405323028564,"cas_weight":0.920234203338623,"res_loss":0.0025642029941082,"_wandb":{"runtime":492},"_step":30000,"_timestamp":1.7390604329139016e+09,"ics_loss":0.00014252433902584016,"l2_error":0.39844590425491333}