{"res_weight":0.5785255432128906,"_step":55000,"l2_error":0.5366668701171875,"_timestamp":1.7390595291448965e+09,"res_loss":0.0008022365509532392,"ics_loss":3.7626573430316057e-06,"_wandb":{"runtime":855},"ics_weight":10.369431495666504,"cas_weight":0.9744932651519775,"_runtime":855.364645902}