{"ics_loss":0.5001391172409058,"_step":100,"cas_weight":0,"_wandb":{"runtime":145},"res_weight":0.9500091671943665,"ics_weight":273.94097900390625,"_runtime":145.224546691,"_timestamp":1.738489334013628e+09,"l2_error":1.0301858186721802,"res_loss":0.09357178211212158}