{"_timestamp":1.738569171781152e+09,"res_loss":0.0002891594194807112,"_wandb":{"runtime":3520},"ics_weight":45.86158752441406,"cas_weight":0.9908382892608643,"l2_error":0.9910932779312134,"_step":245000,"_runtime":3520.338508646,"ics_loss":2.154994717784575e-06,"res_weight":0.5201061964035034}