{"ics_loss":1.6815925846458413e-05,"ics_weight":42.4256591796875,"l2_error":0.013819298706948757,"_timestamp":1.7383982182061188e+09,"_step":10200,"res_weight":0.6626613140106201,"_runtime":7239.366363453,"_wandb":{"runtime":7239},"cas_weight":8.933550361689413e-07,"res_loss":0.03415698930621147}