{"cas_weight":0.94134920835495,"_timestamp":1.738998352503387e+09,"res_loss":0.0018496778793632984,"res_weight":0.5003380179405212,"_runtime":2815.67505513,"_wandb":{"runtime":2815},"ics_weight":246354.0625,"_step":199900,"ics_loss":0.4129630923271179,"l2_error":1.0002843141555786}