{"l2_error":1.0096397399902344,"bc_weight":90.30017852783203,"ics_weight":0.9338162541389465,"bc_loss":1.7096253941417672e-06,"cas_weight":0.9996482729911804,"ics_loss":0.4117685556411743,"_step":300,"_wandb":{"runtime":76},"res_weight":3.2966055870056152,"_runtime":76.532080697,"res_loss":1.1196525520063005e-05,"_timestamp":1.7390146531014318e+09}