{"cas_weight":0.9918777346611023,"_runtime":846.773053449,"ics_loss":0.006014336831867695,"l2_error":0.9213329553604126,"res_weight":0.8838354349136353,"_step":56200,"_timestamp":1.7389950852332318e+09,"ics_weight":1.2662323713302612,"_wandb":{"runtime":846},"res_loss":0.0002554199891164899}