{"cas_weight":0.9926554560661316,"_step":900,"bc_weight":90.29947662353516,"res_weight":3.29658842086792,"res_loss":0.00023021700326353312,"bc_loss":1.9846561372105498e-06,"l2_error":1.0125980377197266,"ics_weight":0.9338162541389465,"ics_loss":0.4064755141735077,"_timestamp":1.7390161818011093e+09,"_runtime":193.516596586,"_wandb":{"runtime":193}}