{"res_weight":0.7661390900611877,"_runtime":4554.865915142,"_step":5100,"_wandb":{"runtime":4554},"l2_error":1.0452816486358643,"ics_weight":241.31979370117188,"_timestamp":1.7385646766379683e+09,"cas_weight":0,"res_loss":0.10771192610263824,"ics_loss":0.005651726387441158}