{"_runtime":46.54477716,"ics_loss":12.594708442687988,"res_weight":0.9526891708374023,"res_loss":67.65203857421875,"l2_error":3.5762922763824463,"ics_weight":1.8796470165252686,"cas_weight":0,"_wandb":{"runtime":46},"_step":0,"_timestamp":1.7390617291732774e+09}