{"l2_error":3.5762922763824463,"res_weight":0.9526891708374023,"_timestamp":1.7390616375612097e+09,"_step":0,"_wandb":{"runtime":46},"res_loss":67.65203857421875,"ics_loss":12.594708442687988,"ics_weight":1.8796470165252686,"cas_weight":0,"_runtime":46.79843451}