{"bc_loss":0.00010008752724388614,"bc_weight":73.63582611083984,"cas_weight":0.9482512474060059,"res_loss":0.0016298535047098994,"res_weight":15.869354248046875,"_wandb":{"runtime":278},"_runtime":278.166324822,"ics_loss":0.3364165127277374,"_step":3500,"ics_weight":0.8220058083534241,"l2_error":1.0385010242462158,"_timestamp":1.7390167508484702e+09}