{"_step":100,"l2_error":0.29628637433052063,"_runtime":167.188693045,"ics_weight":59.29426574707031,"cas_weight":0,"res_weight":0.9500428438186646,"_wandb":{"runtime":167},"_timestamp":1.7383909357093647e+09,"res_loss":0.0489581823348999,"ics_loss":2.09934551094193e-05}