{"cas_weight":0,"_wandb":{"runtime":46},"res_weight":0.9526891708374023,"ics_weight":1.8796470165252686,"_runtime":46.636817214,"_timestamp":1.7390621116079917e+09,"l2_error":3.5762922763824463,"ics_loss":12.594708442687988,"_step":0,"res_loss":67.65203857421875}