{"_wandb":{"runtime":67},"ics_loss":0.001686296658590436,"_step":500,"_runtime":67.343909902,"l2_error":0.452786922454834,"res_weight":0.9526891708374023,"res_loss":0.005297268740832806,"_timestamp":1.7390626610594673e+09,"cas_weight":0.8339386582374573,"ics_weight":1.8796470165252686}