{"_timestamp":1.7385649722895126e+09,"_wandb":{"runtime":232},"ics_loss":0.0063467551954090595,"ics_weight":208.30859375,"_runtime":232.078906491,"res_weight":0.9500120282173157,"_step":200,"cas_weight":0,"res_loss":0.4386736750602722,"l2_error":1.1009639501571655}