{"res_loss":0.004600881598889828,"cas_weight":0.8544607758522034,"_wandb":{"runtime":2884},"l2_error":0.4454944431781769,"_runtime":2884.820646919,"res_weight":0.7286363840103149,"_step":207500,"ics_loss":4.5331129513215274e-05,"ics_weight":8.551198959350586,"_timestamp":1.7391042207887979e+09}