{"_wandb":{"runtime":590},"ics_weight":15.592146873474121,"ics_loss":0.0009580611949786544,"cas_weight":0,"_timestamp":1.7383908080153482e+09,"_step":7300,"res_loss":0.09777824580669403,"l2_error":1.7161117792129517,"res_weight":0.7374473810195923,"_runtime":590.080361893}