{"l2_error":0.31822049617767334,"ics_loss":4.232461651554331e-05,"_runtime":647.171736883,"cas_weight":0.9876007437705994,"_step":44000,"_wandb":{"runtime":647},"ics_weight":5.031332015991211,"res_weight":0.6013946533203125,"res_loss":0.00040847263881005347,"_timestamp":1.7390611922585943e+09}