{"res_weight":0.3516005575656891,"cas_weight":0.9998927712440491,"_step":42400,"_wandb":{"runtime":978},"l2_error":0.15124689042568207,"ics_loss":1.0437305775212735e-07,"_timestamp":1.7390241766261625e+09,"bc_weight":91.89398956298828,"_runtime":978.8260362,"res_loss":3.515178832458332e-06,"bc_loss":1.595493870354403e-08,"ics_weight":20.309255599975586}