{"_step":287200,"l2_error":1.0041550397872925,"_timestamp":1.7385819147065432e+09,"ics_loss":9.559548743709456e-06,"_runtime":4211.582833745,"cas_weight":0.9803233742713928,"_wandb":{"runtime":4211},"ics_weight":53.8276252746582,"res_weight":0.5351895689964294,"res_loss":0.0006172229768708348}